{"cameraMode":{"drawMode":0,"name":"Shaded","section":"Shading Mode"},"sceneLighting":true,"audioPlay":false,"sceneViewState":{"showFog":true,"showMaterialUpdate":false,"showSkybox":true,"showFlares":true,"showImageEffects":true,"showParticleSystems":true},"in2DMode":false,"pivot":{"x":576.5308837890625,"y":782.2679443359375,"z":-13.9951171875},"rotation":{"x":-0.097571462392807,"y":0.0408889576792717,"z":-0.004012499935925007,"w":-0.9943798780441284},"size":2242.078125,"orthographic":false}