{"cameraMode":{"drawMode":0,"name":"Shaded","section":"Shading Mode"},"sceneLighting":true,"audioPlay":false,"sceneViewState":{"showFog":true,"showMaterialUpdate":false,"showSkybox":true,"showFlares":true,"showImageEffects":true,"showParticleSystems":true},"in2DMode":false,"pivot":{"x":-1.3295950889587403,"y":1.1855039596557618,"z":3.3380966186523439},"rotation":{"x":-0.15620483458042146,"y":0.47056928277015688,"z":-0.08505099266767502,"w":-0.8642509579658508},"size":23.607437133789064,"orthographic":false}